p_val,avg_log2FC,pct.1,pct.2,p_val_adj,cluster,gene
0,8.86289041065756,0.89,0.115,0,Erythrocytes,HBA2
0,8.36100895568476,0.874,0.05,0,Erythrocytes,HBA1
0,6.36619613280425,0.969,0.201,0,Lymphatic endothelial cells,CCL21
0,5.53391808305696,0.919,0.027,0,Melanocytes,DCT
0,5.25631095943898,0.997,0.085,0,Lymphatic endothelial cells,TFF3
0,4.86792044607525,0.886,0.029,0,Melanocytes,TYRP1
0,4.65418693075844,0.961,0.154,0,Pericytes,TAGLN
0,4.58090917174453,0.902,0.028,0,Melanocytes,MLANA
0,4.54178336191953,0.883,0.102,0,Macrophages,LYZ
0,4.29303687840149,0.721,0.096,0,Vascular endothelial cells,SELE
0,4.28606381442993,0.854,0.109,0,Pericytes,ACTA2
0,4.24260680885446,0.941,0.073,0,Keratincytes,LGALS7B
0,4.05496239400765,0.78,0.021,0,Melanocytes,PMEL
0,4.02430302417489,0.954,0.137,0,Macrophages,HLA-DQA1
0,3.8755113817763,0.868,0.165,0,Pericytes,TPM2
0,3.87057668668081,0.787,0.004,0,Erythrocytes,HBD
0,3.86604360150763,0.959,0.2,0,Macrophages,HLA-DQB1
0,3.82638065178295,0.653,0.093,0,Keratincytes,KRTDAP
0,3.75568288210689,0.726,0.048,0,Macrophages,RP11-1143G9.4
0,3.6250837741056,0.934,0.243,0,Pericytes,MYL9
0,3.58552974151077,0.813,0.136,0,Vascular endothelial cells,DARC
0,3.51409877498201,0.91,0.218,0,Macrophages,HLA-DRB5
0,3.46180900386093,0.643,0.116,0,Macrophages,C15orf48
0,3.41520963737776,0.858,0.183,0,Keratincytes,LY6D
0,3.38596300815451,0.491,0.04,0,Pericytes,RGS5
0,3.37878974334526,0.855,0.162,0,Macrophages,GPR183
0,3.35970467343157,0.889,0.112,0,Macrophages,TYROBP
0,3.35118095285425,0.953,0.23,0,Keratincytes,S100A14
0,3.32882899733252,0.7,0.07,0,Macrophages,FCER1A
0,3.30406061466726,0.871,0.164,0,T-cells,CD52
0,3.25781631151046,0.816,0.23,0,Fibroblasts,LUM
0,3.25756788236814,0.797,0.127,0,Keratincytes,SERPINB2
0,3.25334584151987,0.93,0.176,0,Keratincytes,AQP3
0,3.2257397707311,0.557,0.11,0,Pericytes,MT1A
0,3.16735973229637,0.918,0.129,0,Lymphatic endothelial cells,CLDN5
0,3.13138114149685,0.847,0.018,0,Lymphatic endothelial cells,MMRN1
0,3.10829586156779,0.692,0.208,0,Fibroblasts,SFRP2
0,3.06256193396323,0.913,0.137,0,Keratincytes,MIR205HG
0,3.05569668070142,0.818,0.093,0,Macrophages,FCER1G
0,3.03021130262634,0.555,0.057,0,Macrophages,IL1B
0,3.02042580000058,0.628,0.063,0,T-cells,CD69
0,2.98097994032431,0.76,0.075,0,Macrophages,AIF1
0,2.91731042782748,0.597,0.162,0,Fibroblasts,TNFAIP6
0,2.91627139018015,0.764,0.019,0,Melanocytes,CAPN3
0,2.90512952280787,0.706,0.048,0,T-cells,CD3D
0,2.90242949631527,0.702,0.147,0,Macrophages,SERPINB9
0,2.8694202799774,0.893,0.136,0,Keratincytes,DSP
0,2.85127025515266,0.776,0.07,0,Macrophages,LST1
0,2.83946922454276,0.781,0.246,0,Fibroblasts,MMP2
0,2.81875240677212,0.753,0.145,0,Keratincytes,LYPD3
1.13793358805571e-174,2.80873978478668,0.837,0.096,2.42971579721654e-170,Melanocytes,MITF
4.77774184982401e-295,2.79681322183071,0.942,0.193,1.02014343977442e-290,Lymphatic endothelial cells,TFPI
0,2.78769902192327,0.842,0.053,0,Keratincytes,CCL27
0,2.78388368365958,0.646,0.051,0,Lymphatic endothelial cells,FABP4
0,2.7790753978467,0.437,0.174,0,Fibroblasts,PTGDS
0,2.77554577225537,0.561,0.03,0,Pericytes,MYH11
0,2.77491657593776,0.907,0.197,0,Vascular endothelial cells,SPARCL1
0,2.77406680033418,0.915,0.174,0,Keratincytes,TACSTD2
0,2.76663252745329,0.753,0.126,0,Macrophages,CD83
0,2.75059249855074,0.89,0.098,0,Keratincytes,SERPINB5
0,2.74764321794627,0.813,0.03,0,Melanocytes,PLP1
0,2.7315410516543,0.709,0.041,0,Macrophages,LGALS2
1.73918568443552e-217,2.70169838062645,0.535,0.196,3.71350927340673e-213,Pericytes,IL6
0,2.69389799255362,0.807,0.199,0,Vascular endothelial cells,SPRY1
0,2.68401514450503,0.566,0.066,0,Macrophages,HLA-DQA2
0,2.66974876804917,0.647,0.04,0,T-cells,PTPRCAP
0,2.66800622653657,0.735,0.25,0,Fibroblasts,IGFBP5
0,2.66505887159181,0.29,0.03,0,T-cells,CCL5
0,2.66113564198314,0.544,0.059,0,T-cells,LTB
0,2.6478703888626,0.68,0.159,0,T-cells,CXCR4
0,2.63776694046276,0.719,0.137,0,Keratincytes,KRT16
0,2.59384738313816,0.689,0.1,0,Macrophages,IL1R2
0,2.58298171793855,0.678,0.132,0,Pericytes,ID4
0,2.57899550583908,0.81,0.247,0,Macrophages,PLAUR
0,2.56950682948675,0.775,0.193,0,Fibroblasts,CCDC80
0,2.56585757735649,0.744,0.17,0,Fibroblasts,CTSK
0,2.5315765771607,0.492,0.07,0,Vascular endothelial cells,CSF3
0,2.52553190642853,0.628,0.061,0,Macrophages,AGPAT9
0,2.51694530754942,0.707,0.169,0,Vascular endothelial cells,RCAN1
0,2.51605749385779,0.82,0.161,0,Macrophages,HLA-DMA
0,2.50573719903892,0.669,0.213,0,Fibroblasts,CXCL12
5.88436813144841e-222,2.49999771723145,0.813,0.069,1.25643028342686e-217,Melanocytes,GPM6B
0,2.49967754194022,0.765,0.104,0,Keratincytes,FGFBP1
0,2.48825763402014,0.67,0.012,0,Lymphatic endothelial cells,LYVE1
2.42746998728827e-285,2.47598115109183,0.371,0.159,5.18313391685791e-281,Fibroblasts,SLPI
0,2.47586572070797,0.708,0.153,0,Fibroblasts,MFAP4
0,2.46198496092728,0.488,0.055,0,Keratincytes,AREG
0,2.46158899099787,0.598,0.036,0,Vascular endothelial cells,SOX17
0,2.44281889920373,0.291,0.029,0,T-cells,KLRB1
0,2.41678820266394,0.66,0.18,0,Pericytes,CRISPLD2
0,2.41471428789581,0.721,0.149,0,Keratincytes,RNF144B
0,2.39871861068473,0.799,0.23,0,T-cells,ARHGDIB
0,2.39560727586532,0.551,0.046,0,Macrophages,HLA-DQB2
0,2.3821169074954,0.724,0.03,0,Lymphatic endothelial cells,PROX1
0,2.38051680223633,0.622,0.084,0,Pericytes,MYLK
0,2.37161420591439,0.752,0.182,0,Fibroblasts,C1S
0,2.36470431113138,0.544,0.234,0,Fibroblasts,IGFBP6
4.26271404878078e-177,2.35342762631556,0.805,0.084,9.10174703695672e-173,Melanocytes,C4orf48
0,2.34887447418147,0.531,0.114,0,Pericytes,NDUFA4L2
0,2.33752040687725,0.49,0.011,0,Keratincytes,LGALS7
0,2.33437541200161,0.789,0.095,0,Lymphatic endothelial cells,ECSCR
0,2.33122885264991,0.733,0.051,0,Vascular endothelial cells,AC011526.1
0,2.32993228317604,0.525,0.042,0,Pericytes,ADRA2A
0,2.32774877266225,0.399,0.056,0,Vascular endothelial cells,STC1
0,2.32217753716457,0.589,0.035,0,Macrophages,CLEC10A
0,2.28240574335593,0.674,0.21,0,T-cells,DUSP2
0,2.27801557440708,0.369,0.012,0,Pericytes,RERGL
0,2.27120384672316,0.659,0.114,0,Fibroblasts,VCAN
1.04990592957376e-254,2.26238911465254,0.793,0.133,2.24175914082589e-250,Lymphatic endothelial cells,SNCG
0,2.25765510136732,0.702,0.057,0,Vascular endothelial cells,MCTP1
0,2.24553635585288,0.43,0.03,0,Pericytes,GJA4
0,2.2400649533285,0.634,0.092,0,T-cells,PTPRC
0,2.23607962841125,0.732,0.065,0,Keratincytes,CLDN1
0,2.22762516662622,0.686,0.088,0,Vascular endothelial cells,CLDN5
1.22328035936403e-193,2.22561249638958,0.813,0.08,2.61194822331407e-189,Melanocytes,SNCA
0,2.21509895604844,0.669,0.053,0,Vascular endothelial cells,PLVAP
0,2.21398767570018,0.56,0.077,0,Macrophages,ATP1B1
4.916211315668e-76,2.19092059664198,0.797,0.184,1.04970944012143e-71,Melanocytes,QPCT
0,2.18409909456668,0.637,0.22,0,Macrophages,SGK1
0,2.17503836797107,0.6,0.097,0,T-cells,SAMSN1
1.65191916044488e-160,2.17145737423168,0.724,0.077,3.5271777913819e-156,Melanocytes,NSG1
0,2.16810787239568,0.488,0.025,0,Pericytes,SORBS2
0,2.15987287323739,0.677,0.037,0,Lymphatic endothelial cells,SDPR
0,2.1548200821993,0.824,0.113,0,Keratincytes,FXYD3
0,2.15288960214181,0.802,0.177,0,Pericytes,CPE
0,2.14247499236461,0.669,0.149,0,T-cells,HCST
0,2.13442658599615,0.581,0.099,0,Fibroblasts,MEG3
0,2.13337528029052,0.541,0.068,0,T-cells,CORO1A
5.01303786052124e-133,2.13014465334359,0.526,0.113,1.0703838439785e-128,Erythrocytes,SLC25A39
0,2.12429637636249,0.637,0.144,0,Fibroblasts,C1R
0,2.11720016969962,0.721,0.129,0,Vascular endothelial cells,RAMP2
0,2.11638354214597,0.766,0.22,0,Macrophages,CTSZ
0,2.10882234154605,0.393,0.089,0,Fibroblasts,WISP2
0,2.10811343221501,0.461,0.024,0,T-cells,TRAT1
6.51489012466049e-268,2.09069848059843,0.718,0.103,1.39105933941751e-263,Lymphatic endothelial cells,PPFIBP1
0,2.08847414783424,0.597,0.138,0,Fibroblasts,CFH
0,2.08206284342362,0.514,0.115,0,Macrophages,RGS1
0,2.07046546148147,0.682,0.217,0,Fibroblasts,FSTL1
0,2.06586596153296,0.389,0.066,0,Fibroblasts,MFAP5
0,2.0642182706916,0.6,0.047,0,Pericytes,TINAGL1
0,2.06394119661933,0.768,0.06,0,Keratincytes,DSC3
0,2.0629902079565,0.44,0.022,0,Macrophages,CD1E
0,2.06168430914823,0.436,0.098,0,Keratincytes,KRT15
0,2.04417236017945,0.572,0.103,0,Fibroblasts,FBLN2
0,2.04184036360853,0.575,0.119,0,T-cells,LEPROTL1
0,2.04154302079993,0.788,0.219,0,Keratincytes,ERRFI1
8.36175561431141e-202,2.03615607718217,0.813,0.173,1.78540205876777e-197,Lymphatic endothelial cells,RAMP2
0,2.03611737964689,0.461,0.022,0,Vascular endothelial cells,C2CD4B
0,2.03321936833042,0.378,0.069,0,Macrophages,MMP9
8.7066870018285e-159,2.0286518632749,0.585,0.049,1.85905180863042e-154,Melanocytes,CYB561A3
0,2.02723733765592,0.587,0.12,0,T-cells,ALOX5AP
0,2.01478582412149,0.576,0.025,0,Macrophages,SPI1
0,2.01276134352426,0.546,0.126,0,Fibroblasts,THBS2
3.22864635774638e-292,1.99420876612502,0.343,0.056,6.89380570306006e-288,Pericytes,RRAD
0,1.99159876371797,0.326,0.025,0,T-cells,CTSW
1.05738519235598e-257,1.98819033875861,0.472,0.018,2.25772886271848e-253,Melanocytes,CRABP1
0,1.98460015360188,0.476,0.048,0,Keratincytes,SBSN
0,1.97339591883986,0.577,0.009,0,Melanocytes,KIT
0,1.97265529033258,0.545,0.004,0,Melanocytes,PCSK2
0,1.97019689457319,0.636,0.027,0,Vascular endothelial cells,ELTD1
0,1.96156068611373,0.433,0.032,0,Macrophages,BCL2A1
4.42077765284145e-40,1.95549209940095,0.267,0.144,9.43924444434706e-36,Pericytes,ZNRD1
0,1.94593314679129,0.586,0.185,0,Vascular endothelial cells,IL6
0,1.94017133166449,0.477,0.039,0,Vascular endothelial cells,RND1
0,1.93938182921894,0.701,0.052,0,Keratincytes,MPZL2
0,1.93477458148562,0.711,0.242,0,Fibroblasts,SERPING1
0,1.93413213387859,0.626,0.171,0,T-cells,STK17B
0,1.93401551173889,0.556,0.087,0,Pericytes,LBH
0,1.91074445273685,0.449,0.02,0,T-cells,CD3E
0,1.91038996819821,0.583,0.07,0,Vascular endothelial cells,ADAMTS9
0,1.90946138955601,0.671,0.123,0,Vascular endothelial cells,LMCD1
0,1.89181000982478,0.612,0.196,0,Fibroblasts,CYBRD1
0,1.89016869798195,0.607,0.186,0,Fibroblasts,COL6A3
0,1.88782568230594,0.316,0.017,0,Macrophages,CCR7
0,1.88571322645497,0.712,0.201,0,Macrophages,COTL1
0,1.88411741955438,0.469,0.126,0,Fibroblasts,LEPR
0,1.88231154034195,0.643,0.067,0,Vascular endothelial cells,EMCN
0,1.87714928045797,0.407,0.08,0,T-cells,DUSP4
0,1.87683648163799,0.476,0.032,0,Macrophages,MS4A6A
0,1.8755346006334,0.446,0.024,0,Macrophages,CD1C
0,1.86505588349501,0.483,0.097,0,Fibroblasts,DPT
1.42786992150285e-254,1.86306182828606,0.622,0.077,3.04878785639288e-250,Lymphatic endothelial cells,LMO2
0,1.86042509441819,0.538,0.135,0,Fibroblasts,HTRA1
0,1.85742281632254,0.613,0.15,0,Macrophages,BID
0,1.8561016637358,0.756,0.113,0,Keratincytes,KLF5
9.20472149240099e-241,1.85365305668504,0.721,0.104,1.96539213305746e-236,Lymphatic endothelial cells,AC011526.1
0,1.85256943826205,0.395,0.005,0,Lymphatic endothelial cells,NTS
0,1.84579838172652,0.406,0.025,0,T-cells,RHOH
0,1.8313737115391,0.602,0.153,0,Pericytes,HES4
0,1.82821157086538,0.414,0.045,0,Pericytes,PDGFA
0,1.8256533034501,0.698,0.053,0,Keratincytes,IRF6
0,1.82545337556482,0.469,0.021,0,Macrophages,PLEK
0,1.8130924671427,0.634,0.054,0,Vascular endothelial cells,ECSCR
0,1.80756616742881,0.551,0.141,0,Fibroblasts,PCOLCE
6.1187174085932e-185,1.8060151222252,0.61,0.046,1.30646854108282e-180,Melanocytes,GPR155
0,1.79452382249608,0.546,0.155,0,Fibroblasts,FN1
0,1.78746767201757,0.277,0.001,0,Erythrocytes,HBM
0,1.76612361620462,0.598,0.2,0,Fibroblasts,PPAP2B
0,1.7596132801175,0.647,0.025,0,Keratincytes,CXADR
0,1.75149493825888,0.491,0.016,0,Macrophages,CSF2RA
0,1.74916364425139,0.418,0.042,0,Macrophages,CPVL
0,1.74089118422176,0.534,0.104,0,T-cells,CD37
0,1.73234655813793,0.361,0.016,0,T-cells,CD2
0,1.73029611752255,0.515,0.133,0,T-cells,CYTIP
0,1.7299829275945,0.436,0.038,0,Pericytes,PPP1R14A
0,1.72874839413364,0.503,0.039,0,Pericytes,MCAM
0,1.72591718840585,0.622,0.236,0,Macrophages,LPAR6
0,1.70618746302082,0.632,0.186,0,Pericytes,ADAMTS1
1.70850440758538e-118,1.69920742799462,0.488,0.045,3.64799861107631e-114,Melanocytes,MFSD12
0,1.69655095088351,0.489,0.116,0,Pericytes,SNCG
0,1.69618698027028,0.337,0.009,0,Pericytes,PLN
3.51036282040726e-282,1.69563432926445,0.528,0.168,7.49532669413358e-278,T-cells,CDC42SE2
0,1.69538491861209,0.487,0.051,0,Macrophages,HLA-DMB
2.78914086271817e-111,1.69163050375508,0.554,0.126,5.95537357007583e-107,Lymphatic endothelial cells,AKAP12
3.37219844356968e-277,1.69088920122534,0.37,0.154,7.20031811670997e-273,Fibroblasts,CTHRC1
2.95141650773308e-165,1.6855291550533,0.502,0.203,6.30186452731167e-161,Pericytes,ZNF331
0,1.68487832367492,0.557,0.148,0,T-cells,LAPTM5
0,1.68030065837661,0.513,0.089,0,Macrophages,CST7
0,1.67987182830129,0.504,0.003,0,Melanocytes,TYR
0,1.67140989927885,0.33,0.065,0,Fibroblasts,PI16
0,1.67108554709418,0.507,0.064,0,Pericytes,NOTCH3
0,1.66572738193749,0.509,0.046,0,Vascular endothelial cells,RAMP3
0,1.66398162431161,0.391,0.05,0,T-cells,IL7R
9.32357604645848e-72,1.66351139832038,0.378,0.083,1.99076995743982e-67,Lymphatic endothelial cells,STC1
0,1.65678700490038,0.486,0.117,0,Fibroblasts,PAM
0,1.65423861373221,0.787,0.217,0,Keratincytes,PMAIP1
5.73812666587228e-122,1.6510960643989,0.545,0.054,1.22520480569705e-117,Melanocytes,CHCHD6
0,1.64686751764877,0.324,0.041,0,Vascular endothelial cells,MED24
0,1.64477489884836,0.462,0.189,0,Fibroblasts,THBS1
0,1.64203587095737,0.646,0.126,0,Vascular endothelial cells,ARHGAP29
0,1.64001654493817,0.538,0.028,0,Vascular endothelial cells,MYCT1
0,1.63946972441602,0.405,0.042,0,T-cells,ACAP1
0,1.6342196658012,0.427,0.101,0,Fibroblasts,TNXB
0,1.6323813369971,0.515,0.108,0,Pericytes,BCAM
1.11248877070616e-212,1.63237598084719,0.391,0.034,2.37538602321179e-208,Lymphatic endothelial cells,CD200
0,1.63153028476039,0.429,0.034,0,Pericytes,SYNPO2
9.29837803042136e-241,1.62422140280282,0.51,0.175,1.98538967705557e-236,T-cells,EML4
2.2202334463614e-201,1.62148788580354,0.455,0.163,4.74064245467086e-197,T-cells,TUBA4A
0,1.61993850420897,0.611,0.196,0,Fibroblasts,AXL
0,1.61905123003753,0.504,0.16,0,Fibroblasts,CRABP2
0,1.61830016658696,0.571,0.077,0,Vascular endothelial cells,NEDD9
0,1.60929449327202,0.411,0.063,0,Fibroblasts,TWIST1
3.68076398440926e-297,1.60446255614225,0.497,0.039,7.85916725951065e-293,Lymphatic endothelial cells,KRT18
0,1.59826625752637,0.502,0.031,0,Vascular endothelial cells,TSPAN7
0,1.59784248871904,0.534,0.048,0,Vascular endothelial cells,CD93
0,1.597544952364,0.489,0.129,0,Fibroblasts,AEBP1
0,1.59702100049882,0.387,0.04,0,T-cells,CD48
1.34596696027232e-121,1.58976389977473,0.653,0.162,2.87390865357345e-117,Lymphatic endothelial cells,TSHZ2
0,1.58975783259888,0.427,0.089,0,Fibroblasts,FBN1
0,1.58813043855357,0.549,0.087,0,Vascular endothelial cells,A2M
0,1.58026859567132,0.569,0.06,0,Vascular endothelial cells,ESAM
3.30212555066447e-294,1.57764195370933,0.596,0.2,7.05069847577877e-290,T-cells,STK4
0,1.5767455402538,0.635,0.052,0,Keratincytes,TRIM29
0,1.57597403144854,0.398,0.029,0,Pericytes,COX4I2
5.68740728893585e-203,1.57575411405513,0.451,0.139,1.21437520433358e-198,Pericytes,ADAMTS4
0,1.5751359488931,0.354,0.034,0,T-cells,RAC2
0,1.57281914265808,0.295,0.015,0,Pericytes,CNN1
0,1.5720265912039,0.4,0.028,0,Macrophages,FCGR2A
0,1.56992153013844,0.489,0.026,0,Keratincytes,DEFB1
0,1.56920723735806,0.401,0.054,0,Fibroblasts,PDGFRA
0,1.56761054202668,0.597,0.032,0,Keratincytes,C19orf33
0,1.56752228387937,0.374,0.002,0,Melanocytes,TRPM1
0,1.5673001712897,0.48,0.005,0,Melanocytes,BCAN
0,1.566223283685,0.493,0.103,0,Pericytes,NR2F2
0,1.56474169533283,0.655,0.131,0,Keratincytes,SDC4
0,1.56391477534584,0.276,0.016,0,T-cells,AC092580.4
0,1.55979742432738,0.583,0.091,0,Vascular endothelial cells,NPDC1
0,1.55966947036477,0.263,0.037,0,Macrophages,MIR155HG
0,1.55783417173134,0.351,0.015,0,T-cells,LCK
0,1.55719880752401,0.479,0.052,0,Keratincytes,COL17A1
0,1.55665386396751,0.467,0.152,0,Fibroblasts,PPIC
0,1.55626991731551,0.583,0.173,0,Macrophages,GNA13
0,1.55325188994795,0.568,0.151,0,Vascular endothelial cells,NCOA7
0,1.55291561952138,0.281,0.043,0,Macrophages,C1QA
3.70527909809306e-114,1.55148557388452,0.379,0.154,7.91151193024829e-110,T-cells,RGS1
0,1.54314921740764,0.691,0.085,0,Keratincytes,NDFIP2
0,1.5384339338403,0.603,0.042,0,Keratincytes,PPP1R14C
0,1.53077530223863,0.522,0.065,0,Vascular endothelial cells,ZNF385D
0,1.52403415716055,0.476,0.101,0,Macrophages,CXCL16
9.69965967771849e-194,1.51740300039326,0.385,0.111,2.07107133438645e-189,Vascular endothelial cells,C8orf4
0,1.51201736471911,0.423,0.003,0,Melanocytes,MIA
0,1.51107055488269,0.387,0.061,0,Fibroblasts,RP11-572C15.6
0,1.50964378214126,0.499,0.242,0,Fibroblasts,HES1
0,1.50904907378679,0.346,0.038,0,T-cells,FYB
0,1.50608712391354,0.509,0.025,0,Keratincytes,MAL2
0,1.50116128391895,0.678,0.098,0,Keratincytes,SPINT2
5.56643059598576e-187,1.49332875359044,0.417,0.131,1.18854426085488e-182,Pericytes,CSRP1
0,1.48734759113509,0.536,0.189,0,Fibroblasts,SDC2
0,1.48666025483617,0.615,0.187,0,Macrophages,DUSP2
1.67259652388363e-203,1.48401667080434,0.558,0.073,3.57132809779632e-199,Lymphatic endothelial cells,EGFL7
5.75215755682692e-87,1.48295755198724,0.697,0.243,1.22820068153368e-82,Lymphatic endothelial cells,FABP5
1.13914792108807e-38,1.48244974817117,0.634,0.191,2.43230864110724e-34,Melanocytes,ASAH1
0,1.48084446114035,0.35,0.032,0,Fibroblasts,BICC1
0,1.4753818935626,0.315,0.023,0,Pericytes,KCNE4
0,1.47287835130619,0.511,0.087,0,Vascular endothelial cells,SOCS2
0,1.47133101422453,0.458,0.168,0,Fibroblasts,TNFAIP2
0,1.46055278461704,0.374,0.005,0,Melanocytes,CEP72
0,1.45493405136067,0.526,0.123,0,Vascular endothelial cells,UPP1
0,1.45266590534703,0.304,0.011,0,T-cells,CD3G
0,1.45134890781109,0.332,0.028,0,Macrophages,GPR157
0,1.44958848027912,0.342,0.08,0,Fibroblasts,C3
0,1.44755445902073,0.534,0.024,0,Keratincytes,TP63
1.27466084234778e-170,1.44116547911461,0.389,0.13,2.72165583058097e-166,T-cells,PTGER4
0,1.44065794474006,0.596,0.172,0,Macrophages,STK4
0,1.44058589132367,0.514,0.034,0,Lymphatic endothelial cells,FXYD6
5.10120531418461e-74,1.43886763883907,0.366,0.039,1.0892093586847e-69,Melanocytes,FRZB
0,1.42943119950869,0.421,0.125,0,Fibroblasts,LTBP4
0,1.42573346569843,0.294,0.014,0,T-cells,SIT1
0,1.42526724768796,0.67,0.155,0,Keratincytes,DAAM1
0,1.42219240361216,0.3,0.064,0,Fibroblasts,HAS2
0,1.42009252052796,0.379,0.057,0,Fibroblasts,OLFML3
0,1.41977250097715,0.343,0.067,0,Fibroblasts,MGST1
1.52570838275331e-134,1.4192244281472,0.629,0.131,3.25769253885487e-130,Lymphatic endothelial cells,SLC9A3R2
0,1.41705157438474,0.641,0.103,0,Keratincytes,FHL2
1.01823981935029e-300,1.41499344020439,0.27,0.066,2.17414566227673e-296,Fibroblasts,TSPAN8
0,1.41334403937446,0.561,0.119,0,Vascular endothelial cells,EPAS1
0,1.41313023741263,0.462,0.078,0,Macrophages,GLIPR1
0,1.4122386783251,0.388,0.038,0,Vascular endothelial cells,RBP7
0,1.4108571209765,0.314,0.028,0,Macrophages,IL4I1
0,1.41082123004328,0.586,0.126,0,Macrophages,HCST
6.45418561721346e-58,1.41043926328832,0.309,0.035,1.37809771298742e-53,Melanocytes,S100B
0,1.40898737417127,0.407,0.003,0,Melanocytes,GPR143
2.9438939845827e-82,1.4076900659295,0.528,0.074,6.28580243588097e-78,Melanocytes,TFAP2A
0,1.40486592506166,0.294,0.015,0,T-cells,SPOCK2
0,1.40443174443184,0.26,0.009,0,T-cells,CD40LG
0,1.40322815197489,0.39,0.031,0,Pericytes,ISYNA1
0,1.40194829565664,0.28,0.021,0,T-cells,CLEC2D
0,1.40120495730047,0.39,0.048,0,Macrophages,FAM49A
0,1.40010263555862,0.376,0.011,0,Macrophages,CLEC7A
1.03407434023883e-115,1.39715204192851,0.48,0.043,2.20795553127795e-111,Melanocytes,MCOLN3
0,1.39696145578998,0.383,0.043,0,Macrophages,TRAF1
2.43306447342173e-267,1.39421771618089,0.391,0.089,5.19507926365007e-263,T-cells,GPSM3
0,1.39208348681344,0.463,0.014,0,Lymphatic endothelial cells,SCN3B
2.47154714712985e-93,1.38866821442065,0.504,0.059,5.27724746855166e-89,Melanocytes,RAB38
0,1.388486260624,0.611,0.224,0,Macrophages,AP1S2
0,1.38584645901552,0.575,0.167,0,Vascular endothelial cells,KLF2
0,1.38498542106011,0.483,0.063,0,Vascular endothelial cells,EVA1C
0,1.38223526895034,0.361,0.025,0,Macrophages,BCAT1
0,1.38121762488312,0.321,0.041,0,Fibroblasts,LOX
0,1.38010779018098,0.343,0.044,0,Pericytes,PTP4A3
0,1.37724162623809,0.625,0.1,0,Keratincytes,HOPX
0,1.37713214961306,0.558,0.104,0,Vascular endothelial cells,NRN1
2.03208796851398e-89,1.37503325131986,0.504,0.061,4.33891423037105e-85,Melanocytes,PAG1
0,1.37205688823579,0.376,0.078,0,Macrophages,PPIF
6.36932906991714e-168,1.37160163461832,0.388,0.132,1.35997914300871e-163,T-cells,CNOT6L
0,1.37037768695367,0.378,0.062,0,Fibroblasts,LRP1
0,1.3700021664444,0.485,0.119,0,Macrophages,NFKBID
4.71844463081383e-65,1.36870621813852,0.504,0.082,1.00748229757137e-60,Melanocytes,OSTM1
0,1.36793837206111,0.326,0.073,0,Fibroblasts,COL5A2
1.55369314948475e-124,1.36723422155638,0.592,0.125,3.31744561277984e-120,Lymphatic endothelial cells,NR2F2
0,1.36592589355706,0.361,0.073,0,Fibroblasts,F10
0,1.36581158657496,0.442,0.109,0,Macrophages,ETV3
0,1.36472651040488,0.609,0.227,0,Macrophages,CFLAR
7.6433800193246e-303,1.36056894000474,0.341,0.057,1.63201450172619e-298,T-cells,IL2RG
0,1.35877114644469,0.423,0.046,0,Vascular endothelial cells,EGFL7
0,1.35824446088269,0.326,0.012,0,Macrophages,FPR3
0,1.35730506970899,0.291,0.059,0,Fibroblasts,ADH1B
0,1.35583886648099,0.351,0.059,0,Macrophages,IRF8
1.076775849198e-211,1.35540674072087,0.575,0.205,2.29913179320757e-207,Pericytes,MT1M
5.41821903290292e-33,1.35371495316909,0.537,0.159,1.15689812790543e-28,Melanocytes,HMG20B
2.326213815945e-260,1.35047036969053,0.558,0.186,4.96693173980577e-256,Vascular endothelial cells,ADAMTS1
1.08248822509202e-266,1.34830287013239,0.644,0.227,2.31132885821649e-262,Pericytes,MFGE8
0,1.34525172317689,0.435,0.077,0,Macrophages,CD68
8.63619079496981e-121,1.34374046829562,0.363,0.147,1.84399945854195e-116,T-cells,TNFRSF18
0,1.3430338634162,0.384,0.008,0,Vascular endothelial cells,CCL14
0,1.34291431651553,0.561,0.096,0,Vascular endothelial cells,BCAM
2.39083777497544e-48,1.33968229872813,0.577,0.126,5.10491681712756e-44,Melanocytes,PRELP
0,1.33966421838818,0.518,0.106,0,Macrophages,CYTIP
0,1.33609312539387,0.447,0.012,0,Melanocytes,PLXNC1
3.63300624159253e-229,1.33607039764153,0.448,0.171,7.75719492704837e-225,Macrophages,RGS2
6.95618687900748e-282,1.33439843696361,0.504,0.144,1.48528502240568e-277,Vascular endothelial cells,CSRP2
0,1.33369623748763,0.386,0.018,0,Keratincytes,EPPK1
0,1.33047361661456,0.535,0.172,0,Macrophages,ARL4C
9.829556121175e-146,1.32681342902884,0.476,0.072,2.09880682299329e-141,Lymphatic endothelial cells,NRP2
1.8973975528608e-179,1.3267523919958,0.469,0.215,4.05132325486838e-175,Macrophages,FABP5
0,1.32584166294516,0.532,0.11,0,Vascular endothelial cells,CD34
0,1.32513358309862,0.524,0.053,0,Keratincytes,SLC2A1
0,1.32512932836365,0.45,0.084,0,Vascular endothelial cells,APOLD1
0,1.32435839485789,0.468,0.173,0,Fibroblasts,FHL1
0,1.32315897277194,0.447,0.005,0,Melanocytes,TFAP2B
1.54151505210542e-52,1.32299847289231,0.585,0.126,3.29144293925549e-48,Melanocytes,RAB32
0,1.3227287581287,0.414,0.074,0,Vascular endothelial cells,C10orf10
5.08487976395823e-44,1.32156711532583,0.577,0.141,1.08572352720036e-39,Melanocytes,CDC42EP3
3.77658222132834e-285,1.31534400152985,0.402,0.174,8.06375835898026e-281,Fibroblasts,BGN
1.16443513984875e-239,1.31442464922753,0.302,0.076,2.48630191060505e-235,Macrophages,RASGEF1B
0,1.31406090778841,0.334,0.075,0,Fibroblasts,PRRX2
0,1.3123767334015,0.273,0.013,0,T-cells,CD96
0,1.31139070664437,0.396,0.09,0,Fibroblasts,SLIT3
1.63220500088515e-85,1.30816843688338,0.582,0.17,3.48508411788997e-81,Lymphatic endothelial cells,MGST2
0,1.3040994829947,0.294,0.054,0,Fibroblasts,PTN
7.34286204366144e-281,1.30298267840055,0.628,0.218,1.56784790356259e-276,Vascular endothelial cells,ITM2A
5.05186935996767e-41,1.29823194907299,0.371,0.137,1.0786751457403e-36,Erythrocytes,FBXO7
0,1.29471306265245,0.536,0.125,0,Vascular endothelial cells,ADAMTS4
0,1.29422679563145,0.456,0.059,0,Vascular endothelial cells,IL33
0,1.28892759202951,0.339,0.073,0,Fibroblasts,THY1
0,1.2876841459077,0.311,0.013,0,Macrophages,FCGR2B
0,1.28761765332334,0.319,0.03,0,Macrophages,PKIB
1.25178998718399e-171,1.28614513109964,0.285,0.01,2.67282198063525e-167,Melanocytes,S100A1
0,1.28252467371082,0.419,0.037,0,Vascular endothelial cells,GIMAP5
0,1.27756512439857,0.431,0.098,0,Macrophages,PTPRE
1.6861384044315e-200,1.27678055052007,0.285,0.113,3.60024272114213e-196,Fibroblasts,APCDD1
0,1.27507120115058,0.311,0.021,0,Pericytes,RERG
5.17403644465665e-288,1.27440492115116,0.449,0.109,1.10476026166309e-283,Vascular endothelial cells,SLC9A3R2
9.39332626597912e-293,1.27162020147508,0.589,0.188,2.00566302431186e-288,Vascular endothelial cells,KCTD12
0,1.2694135575721,0.544,0.056,0,Keratincytes,JUP
5.21036192799016e-217,1.26886775627748,0.387,0.096,1.11251647886446e-212,Pericytes,APOLD1
1.10287153693487e-272,1.26747854707261,0.444,0.116,2.35485130566334e-268,Vascular endothelial cells,HBEGF
2.56648598095141e-30,1.26694723222813,0.252,0.082,5.47996086652745e-26,Erythrocytes,SNCA
2.83421682485284e-50,1.26518693853464,0.48,0.09,6.05161976442579e-46,Melanocytes,BACE2
0,1.26410824291344,0.44,0.062,0,Vascular endothelial cells,TSPAN13
4.82649314041535e-156,1.26082580101988,0.486,0.203,1.03055281534149e-151,T-cells,ZNF331
0,1.25755174868627,0.476,0.053,0,Vascular endothelial cells,JAM2
0,1.25557727622527,0.409,0.034,0,Vascular endothelial cells,GIMAP4
2.2794924889617e-84,1.25482429871247,0.35,0.031,4.86717236243103e-80,Melanocytes,TUBB2B
0,1.25131167033859,0.352,0.023,0,Vascular endothelial cells,CLEC14A
0,1.25047473589087,0.48,0.033,0,Keratincytes,PKP1
0,1.24988567966369,0.338,0.11,0,Fibroblasts,EFEMP1
1.54054421820897e-68,1.24620457494511,0.488,0.072,3.28937001471979e-64,Melanocytes,SYNGR1
0,1.24245777755334,0.43,0.081,0,Keratincytes,IGFBP3
1.58542806393255e-210,1.24165079970979,0.547,0.198,3.38520600210879e-206,Pericytes,MTHFD2
0,1.24146556261142,0.56,0.13,0,Vascular endothelial cells,TSHZ2
2.20548013780668e-305,1.24003472514808,0.367,0.062,4.70914119024482e-301,Pericytes,ANGPT2
0,1.23680798546709,0.326,0.045,0,Fibroblasts,MXRA8
0,1.2357632912871,0.456,0.065,0,Vascular endothelial cells,FAM198B
3.64519990129022e-61,1.23478163905861,0.622,0.239,7.78323082923488e-57,Lymphatic endothelial cells,CCND1
0,1.23390893535695,0.285,0.058,0,Fibroblasts,ELN
0,1.23266755658231,0.41,0.045,0,Vascular endothelial cells,PALMD
0,1.23264762931421,0.268,0.021,0,T-cells,LAT
1.78357406963496e-148,1.23164225737603,0.412,0.053,3.80828735348457e-144,Lymphatic endothelial cells,HYAL2
3.4659585003329e-164,1.22901241883193,0.548,0.234,7.40051458991081e-160,Pericytes,LPP
4.69846319235342e-241,1.22761055423487,0.286,0.093,1.0032158608313e-236,Fibroblasts,CYP1B1
0,1.22633934771398,0.458,0.018,0,Keratincytes,DSG1
5.94366252789588e-113,1.22299879508935,0.455,0.04,1.26909082295633e-108,Melanocytes,DSTYK
1.09577009435843e-61,1.22189583215489,0.488,0.08,2.33968830547411e-57,Melanocytes,STXBP6
4.96479034059543e-59,1.21969963802779,0.52,0.091,1.06008203352394e-54,Melanocytes,SLC25A4
0,1.21864613142762,0.298,0.019,0,Pericytes,FRZB
0,1.21580279798543,0.263,0.024,0,Macrophages,VMO1
4.63053112572087e-237,1.21415214090554,0.31,0.06,9.8871100596392e-233,T-cells,CD53
4.98152025769832e-104,1.21323799463542,0.568,0.134,1.06365420542374e-99,Lymphatic endothelial cells,ELK3
0,1.21316376959089,0.418,0.138,0,Fibroblasts,FGFR1
0,1.21306399238709,0.536,0.09,0,Vascular endothelial cells,RNASE1
3.15169080438348e-124,1.21264370304931,0.483,0.085,6.72949020551961e-120,Lymphatic endothelial cells,CNKSR3
3.00103059184663e-141,1.21205584893477,0.41,0.161,6.40780051971093e-137,T-cells,GMFG
8.91055763071089e-82,1.20891678523446,0.622,0.191,1.90258226530939e-77,Lymphatic endothelial cells,TGFBR2
0,1.20827457404546,0.519,0.125,0,Macrophages,LAPTM5
0,1.20762148239989,0.286,0.032,0,Macrophages,OPN3
3.00915783887769e-243,1.2051106452962,0.471,0.181,6.42515381757164e-239,Macrophages,ATP13A3
1.08585973631619e-252,1.20438567783599,0.315,0.059,2.31852770898232e-248,T-cells,ICAM3
2.61823780496744e-266,1.2017681423486,0.35,0.066,5.59046136116648e-262,Pericytes,CCDC3
0,1.19665909778586,0.378,0.125,0,Fibroblasts,MAN1A1
1.84927243016228e-115,1.19416646902277,0.353,0.132,3.9485664928825e-111,T-cells,CST7
3.28172849341665e-59,1.19141928274351,0.626,0.127,7.00714667914322e-55,Melanocytes,IRS2
7.71902716726029e-94,1.19136380315856,0.558,0.138,1.64816668075342e-89,Lymphatic endothelial cells,PTPRE
4.72224295605456e-194,1.19080183632166,0.345,0.089,1.00829331597677e-189,T-cells,LCP1
0,1.19066661713028,0.533,0.105,0,Keratincytes,ADRB2
1.10645051908001e-179,1.18967209060449,0.422,0.045,2.36249314833963e-175,Lymphatic endothelial cells,IGF1
2.34814811021567e-257,1.18780865845265,0.324,0.081,5.0137658449325e-253,Macrophages,OTUD1
0,1.18735557325827,0.333,0.004,0,Melanocytes,ROPN1B
0,1.18627378067078,0.399,0.097,0,Macrophages,CARD16
0,1.18536685752002,0.309,0.001,0,Melanocytes,RP4-792G4.2
0,1.18527358466644,0.645,0.139,0,Keratincytes,MAST4
1.78583776025488e-207,1.18365793714137,0.425,0.041,3.81312078569621e-203,Lymphatic endothelial cells,RASGRP3
0,1.18319101431872,0.281,0.048,0,Fibroblasts,OSR2
1.64225261294575e-95,1.18221136330932,0.626,0.167,3.50653777916177e-91,Lymphatic endothelial cells,ARHGAP29
2.95806976479632e-208,1.17980670846658,0.507,0.217,6.31607056179311e-204,Macrophages,BASP1
0,1.17464070840867,0.415,0.041,0,Vascular endothelial cells,CALCRL
4.81588504811393e-107,1.17375654885559,0.376,0.166,1.02828777547329e-102,T-cells,ZC3HAV1
2.55249919289954e-111,1.17262688920681,0.29,0.091,5.45009627667909e-107,Pericytes,C10orf10
4.50137336026804e-140,1.17223440280617,0.308,0.095,9.61133239884432e-136,T-cells,EVL
0,1.17169747990196,0.309,0.045,0,Fibroblasts,FBLN5
3.13825754084876e-233,1.17029401812472,0.425,0.036,6.70080750122028e-229,Lymphatic endothelial cells,C16orf62
1.59973661223224e-74,1.16839205264148,0.609,0.19,3.41575761443827e-70,Lymphatic endothelial cells,EFEMP1
8.6864603877103e-44,1.16750444443617,0.577,0.142,1.8547330219839e-39,Melanocytes,MLEC
0,1.16654296985932,0.464,0.219,0,Fibroblasts,NFIA
0,1.16479227528417,0.401,0.03,0,Vascular endothelial cells,CYYR1
1.85783557236503e-239,1.16347102062777,0.346,0.142,3.96685051411382e-235,Fibroblasts,RARRES2
0,1.16278367304345,0.269,0.04,0,Fibroblasts,PDGFRL
1.38130468292681e-159,1.16168097439158,0.275,0.07,2.94936175898533e-155,Vascular endothelial cells,EDN1
1.27641922612005e-56,1.15942318491798,0.34,0.081,2.72541033161153e-52,Lymphatic endothelial cells,ANGPT2
0,1.15744101605235,0.449,0.016,0,Keratincytes,DSG3
8.68163992508894e-162,1.15714848294612,0.439,0.056,1.85370375680499e-157,Lymphatic endothelial cells,RHOJ
0,1.15524419179552,0.418,0.165,0,Fibroblasts,MAP1B
2.98537830248325e-177,1.15339467233567,0.452,0.155,6.37437975146224e-173,Pericytes,MLTK
0,1.15193725822207,0.643,0.243,0,Keratincytes,PHLDA2
0,1.151811932375,0.456,0.165,0,Fibroblasts,FXYD1
0,1.15102529052347,0.284,0.019,0,Pericytes,LGI4
0,1.15061530084775,0.418,0.098,0,Macrophages,CTSS
1.80482785833219e-197,1.14615613358167,0.519,0.193,3.85366844311089e-193,Vascular endothelial cells,MAST4
6.14193368043263e-307,1.14106917872661,0.56,0.161,1.31142567944597e-302,Vascular endothelial cells,TGFBR2
2.33613250901133e-38,1.14014316044066,0.569,0.151,4.98811013324098e-34,Melanocytes,CISD1
0,1.13948210746786,0.403,0.061,0,Macrophages,LCP1
0,1.13925738242635,0.27,0.058,0,Fibroblasts,COL12A1
4.07691333763072e-165,1.13899031407034,0.468,0.172,8.7050253585091e-161,Pericytes,PCSK7
1.24074165140079e-69,1.13850875876211,0.653,0.235,2.64923157407098e-65,Lymphatic endothelial cells,MARCKSL1
4.22694517821501e-270,1.13436084441708,0.681,0.228,9.02537334452469e-266,Pericytes,SPARCL1
0,1.1322009121044,0.352,0.054,0,Macrophages,DOK2
1.15551353927929e-33,1.13061924844404,0.48,0.121,2.46725250906914e-29,Melanocytes,AGPAT2
1.4777963242583e-294,1.12814931829378,0.489,0.125,3.15539071155633e-290,Vascular endothelial cells,COL15A1
1.6389718048974e-114,1.12783597369298,0.445,0.25,3.49953259781693e-110,Macrophages,ISG20
2.2591893463003e-196,1.12550628280751,0.442,0.047,4.82382109222041e-192,Lymphatic endothelial cells,PARD6G
7.50060896723007e-275,1.12469906416517,0.55,0.171,1.60153002668297e-270,Vascular endothelial cells,HIPK3
0,1.12260830394036,0.644,0.173,0,Keratincytes,HMGA1
0,1.12096499759677,0.507,0.098,0,Keratincytes,UBR4
0,1.1187583169205,0.278,0.013,0,Macrophages,KYNU
3.91241844417078e-106,1.11709223750983,0.325,0.117,8.35379586199345e-102,Pericytes,PLEKHO1
0,1.11436023115815,0.294,0.065,0,Fibroblasts,ABI3BP
0,1.11431650896759,0.283,0.047,0,Fibroblasts,DCLK1
4.05577459827988e-300,1.1141742414959,0.468,0.116,8.65988992224721e-296,Vascular endothelial cells,ITGA6
0,1.11002505087261,0.53,0.123,0,Keratincytes,GLTP
0,1.10984998278476,0.461,0.047,0,Keratincytes,SOX15
0,1.10948982421043,0.608,0.144,0,Keratincytes,FOSL1
2.13326339329977e-285,1.10714331301068,0.448,0.11,4.55494399737366e-281,Vascular endothelial cells,THBD
1.42333344641923e-229,1.10678445772336,0.261,0.042,3.03910157479433e-225,T-cells,ARHGAP15
2.48867620531961e-197,1.10521005490679,0.277,0.056,5.31382143359843e-193,T-cells,EVI2B
0,1.10357620833862,0.394,0.073,0,Vascular endothelial cells,MTUS1
6.87564457535305e-295,1.10318888275215,0.367,0.138,1.46808762972938e-290,Fibroblasts,ADD3
0,1.10159117202123,0.299,0.062,0,Fibroblasts,VASN
0,1.09332631984861,0.365,0.031,0,Vascular endothelial cells,RALGAPA2
3.50312177732546e-171,1.09078833272665,0.269,0.06,7.47986561894532e-167,T-cells,RUNX3
0,1.08873800455782,0.309,0.025,0,Vascular endothelial cells,GIMAP7
5.56516246962842e-165,1.08858156134196,0.302,0.077,1.18827349051506e-160,T-cells,AMICA1
0,1.08836550991388,0.27,0.048,0,Fibroblasts,ANK2
3.67530784154315e-122,1.08736977685729,0.429,0.222,7.84751730326293e-118,Macrophages,CTSB
9.68641722524264e-35,1.08443261717591,0.691,0.224,2.06824380593381e-30,Melanocytes,COMT
1.99447485830621e-254,1.0826981041715,0.46,0.131,4.25860271745542e-250,Vascular endothelial cells,DUSP23
2.4130471425888e-283,1.08250819114541,0.359,0.09,5.1523382588556e-279,Macrophages,TNFRSF1B
7.50858325034372e-31,1.08242454031335,0.683,0.24,1.60323269561339e-26,Melanocytes,MARCKSL1
5.40286162112706e-60,1.08218138702114,0.622,0.237,1.15361901334305e-55,Lymphatic endothelial cells,LIMS1
1.77853196611501e-297,1.08163052846071,0.332,0.109,3.79752145404877e-293,Fibroblasts,CLEC11A
5.4378746887027e-262,1.08081463569789,0.494,0.145,1.1610950035318e-257,Vascular endothelial cells,MGST2
0,1.07988849518321,0.335,0.028,0,Vascular endothelial cells,S1PR1
0,1.07925699294317,0.269,0.012,0,Macrophages,RNASE6
2.40752557411961e-97,1.07831705177778,0.476,0.101,5.14054860586019e-93,Lymphatic endothelial cells,CDH13
0,1.07783027157842,0.27,0.051,0,Fibroblasts,FGF7
3.00650398967594e-226,1.07773502160307,0.498,0.165,6.41948731875606e-222,Vascular endothelial cells,C4orf32
5.08258682589698e-102,1.07720087566684,0.476,0.096,1.08523393906552e-97,Lymphatic endothelial cells,MTUS1
0,1.07565572323765,0.378,0.063,0,Vascular endothelial cells,CNKSR3
4.67162440971532e-171,1.07258032453128,0.522,0.192,9.97485243962414e-167,Pericytes,PDGFRB
0,1.07255232568963,0.285,0.001,0,Melanocytes,CLEC12B
4.97491926445091e-10,1.07253530236024,0.455,0.237,1.06224476134556e-05,Melanocytes,SERPINB2
8.68497595284929e-282,1.0717156211398,0.526,0.149,1.85441606545238e-277,Vascular endothelial cells,TMEM173
6.61700301917163e-290,1.07108211666841,0.417,0.123,1.41286248465353e-285,Macrophages,PPT1
1.13100405787704e-217,1.0706296601717,0.464,0.135,2.41491986437905e-213,Pericytes,EPAS1
5.91726901130832e-256,1.07048083789009,0.388,0.082,1.26345527929455e-251,Pericytes,TNS1
3.66615445471739e-172,1.06991145038006,0.281,0.065,7.82797299171257e-168,T-cells,ITGB2
0,1.06848411670363,0.445,0.088,0,Macrophages,CD37
0,1.06736288388668,0.4,0.062,0,Vascular endothelial cells,ENG
0,1.06688695962076,0.329,0.051,0,Macrophages,TNFSF13B
1.09248475736717e-41,1.06545586609385,0.35,0.059,2.33267345393038e-37,Melanocytes,QDPR
0,1.06509569520299,0.283,0.015,0,Vascular endothelial cells,ADM5
1.66075669839897e-249,1.0642290462093,0.491,0.183,3.54604770242148e-245,Macrophages,FNBP1
5.75866450306134e-98,1.06388254263627,0.317,0.022,1.22959004469366e-93,Melanocytes,TEX41
1.04562964522372e-127,1.06354504677505,0.361,0.046,2.23262841848168e-123,Lymphatic endothelial cells,GIMAP7
1.11234582575264e-176,1.06253159891291,0.41,0.125,2.37508080714705e-172,Pericytes,NTRK2
0,1.06131366717841,0.463,0.095,0,Vascular endothelial cells,LIFR
8.35075824647975e-196,1.06107087706512,0.531,0.245,1.78305390078836e-191,Macrophages,FGL2
1.77115673462014e-69,1.06014949228399,0.3,0.138,3.78177385976091e-65,T-cells,CITED2
0,1.05843772135745,0.341,0.003,0,Melanocytes,RP11-93B14.5
4.35875272549531e-105,1.05794976068233,0.431,0.209,9.30680881947758e-101,T-cells,FNBP1
4.79731783387141e-185,1.05631300936036,0.381,0.143,1.02432330388822e-180,Macrophages,FNIP2
0,1.05313664475073,0.333,0.01,0,Lymphatic endothelial cells,RP11-782C8.5
9.16837109345538e-140,1.05293260457222,0.501,0.225,1.95763059587459e-135,Vascular endothelial cells,TXNIP
1.20778910828025e-271,1.0520015261774,0.379,0.144,2.57887130399999e-267,Fibroblasts,MT1M
0,1.05166654883956,0.327,0.046,0,Macrophages,RHOF
2.06941747001989e-255,1.05123571698868,0.276,0.058,4.41862018198648e-251,Macrophages,C1orf54
1.49713956692294e-83,1.05069966803938,0.435,0.246,3.19669240329387e-79,T-cells,CCDC107
3.41262447327689e-185,1.04816462833416,0.575,0.236,7.28663577534081e-181,Vascular endothelial cells,ARID5A
2.07816611429132e-74,1.04578082613563,0.331,0.162,4.43730028723483e-70,T-cells,PPP2R5C
3.04676695109523e-223,1.0445760237437,0.441,0.17,6.50545679397853e-219,Macrophages,SYNGR2
1.02778611310731e-36,1.04399742052835,0.415,0.087,2.19452890870672e-32,Melanocytes,PLEKHA5
8.95663286096702e-25,1.04318607768303,0.602,0.22,1.91242024847368e-20,Melanocytes,TTC3
1.5798959995766e-61,1.04022618838197,0.324,0.155,3.37339393829597e-57,Pericytes,GLA
0,1.03950299150818,0.34,0.037,0,Vascular endothelial cells,CSF2RB
1.94013768514301e-288,1.03850387433549,0.262,0.062,4.14258198531735e-284,Fibroblasts,TMEM176B
4.07313710606208e-116,1.03666509719039,0.316,0.106,8.69696234886374e-112,Pericytes,NET1
0,1.03587652877424,0.346,0.053,0,Macrophages,AMICA1
3.66407701475129e-31,1.03548309761066,0.293,0.054,7.82353724189696e-27,Melanocytes,DOCK5
1.68871157367449e-213,1.03274609819037,0.331,0.1,3.60573695210978e-209,Macrophages,MAP4K4
0,1.03140014877802,0.261,0.049,0,Fibroblasts,MMP23B
6.48031227957085e-31,1.03136297022465,0.667,0.229,1.38367627793397e-26,Melanocytes,FXYD3
0,1.03059418716472,0.327,0.015,0,Vascular endothelial cells,HOXD1
5.52285940069496e-303,1.02905962642919,0.25,0.052,1.17924093923639e-298,Fibroblasts,CES1
1.69767728259947e-143,1.02808886237192,0.419,0.201,3.62488053380639e-139,Macrophages,PTTG1
0,1.0279176155745,0.435,0.025,0,Keratincytes,KLC3
6.75789592279736e-44,1.02619024264863,0.39,0.069,1.44294593743569e-39,Melanocytes,PON2
3.63783056398583e-19,1.02503742043205,0.602,0.25,7.76749582022255e-15,Melanocytes,TMEM147
8.48974151838051e-195,1.02403429092373,0.253,0.088,1.81272960900461e-190,Fibroblasts,PTPRS
5.18059542329828e-36,1.02400678428595,0.504,0.126,1.10616073478265e-31,Melanocytes,STX7
3.71067330632138e-98,1.02396020309046,0.425,0.206,7.9230296436574e-94,T-cells,ARL4C
0,1.02315670226933,0.331,0.019,0,Vascular endothelial cells,GIMAP6
3.819895361603e-235,1.02141899504128,0.534,0.23,8.15624057609473e-231,Macrophages,VAMP8
4.02018296894019e-108,1.02111263076415,0.391,0.159,8.58389467528109e-104,Pericytes,CSRP2
0,1.02103430308585,0.352,0.018,0,Vascular endothelial cells,CXorf36
0,1.0204767821385,0.277,0.053,0,Fibroblasts,EFEMP2
0,1.0204444465857,0.369,0.11,0,Fibroblasts,PRRX1
1.25260530056267e-267,1.01862061057132,0.265,0.072,2.67456283776141e-263,Fibroblasts,PTGES
2.96825206129805e-174,1.01859609372589,0.586,0.241,6.33781180128359e-170,Pericytes,ARID5A
0,1.01858265015978,0.46,0.048,0,Keratincytes,EPHA2
1.98679398919496e-204,1.01754538437393,0.378,0.032,4.24220252572908e-200,Lymphatic endothelial cells,TM4SF18
3.08418398063129e-292,1.01725493879703,0.441,0.104,6.58534963544393e-288,Vascular endothelial cells,SWAP70
2.55338537035213e-236,1.01672315864329,0.476,0.184,5.45198844277588e-232,Macrophages,RHOG
9.51172860515819e-198,1.01653757089563,0.597,0.243,2.03094429177338e-193,Vascular endothelial cells,FOXP1
1.86402914503077e-106,1.0157361565771,0.25,0.078,3.98007503046971e-102,T-cells,AIM1
0,1.01529708885361,0.481,0.11,0,Vascular endothelial cells,SNCG
0,1.01391157914576,0.311,0.037,0,Macrophages,C1orf162
2.26912821051099e-60,1.01224555373522,0.39,0.227,4.84504255508306e-56,T-cells,ANKRD28
0,1.01123230903089,0.258,0.05,0,Fibroblasts,PRELP
3.67548788508854e-187,1.01030452899773,0.474,0.168,7.84790173224105e-183,Vascular endothelial cells,TMEM70
2.50281541905762e-102,1.00953884085612,0.395,0.067,5.34401148277184e-98,Lymphatic endothelial cells,GIMAP5
5.18861126582089e-79,1.00927482706167,0.459,0.108,1.10787227747808e-74,Lymphatic endothelial cells,PLA2G16
1.10453731811505e-244,1.0087333601024,0.283,0.091,2.35840808163925e-240,Fibroblasts,SLC39A14
7.00962660616747e-109,1.00816977629025,0.48,0.091,1.49669547294888e-104,Lymphatic endothelial cells,DKK3
0,1.00730280721176,0.468,0.047,0,Keratincytes,CA12
0,1.00682754601287,0.341,0.016,0,Keratincytes,HAS3
5.22655177619037e-63,1.00612970165907,0.333,0.038,1.11597333525217e-58,Melanocytes,MYO5A
1.52582457280836e-191,1.00588188743064,0.402,0.11,3.25794062786041e-187,Pericytes,ZFHX3
0,1.00555638859207,0.683,0.23,0,Keratincytes,ARPC5L
7.89464630828e-237,1.00531500784111,0.398,0.195,1.68566487974395e-232,Fibroblasts,CALU
3.28701521180713e-269,1.00403032177855,0.426,0.103,7.01843488025058e-265,Vascular endothelial cells,GBP2
4.78433907350709e-80,1.00399182538602,0.358,0.034,1.02155207897523e-75,Melanocytes,MT1F
2.81429308403304e-268,1.00215818155641,0.305,0.099,6.00907859302735e-264,Fibroblasts,CTSF
2.07404807012638e-219,1.0001969220756,0.557,0.198,4.42850743933385e-215,Vascular endothelial cells,HSD17B11
